{
  "situs": {
    "precision": 0.9473684210526315,
    "recall": 1.0,
    "f1-score": 0.972972972972973,
    "support": 36,
    "confused_with": {}
  },
  "kesehatan": {
    "precision": 1.0,
    "recall": 0.9642857142857143,
    "f1-score": 0.9818181818181818,
    "support": 56,
    "confused_with": {}
  },
  "kampung": {
    "precision": 0.9971671388101983,
    "recall": 1.0,
    "f1-score": 0.9985815602836879,
    "support": 352,
    "confused_with": {}
  },
  "cuaca": {
    "precision": 0.875,
    "recall": 0.7368421052631579,
    "f1-score": 0.7999999999999999,
    "support": 19,
    "confused_with": {
      "event": 1
    }
  },
  "event": {
    "precision": 0.9980769230769231,
    "recall": 1.0,
    "f1-score": 0.9990375360923965,
    "support": 519,
    "confused_with": {}
  },
  "gejala": {
    "precision": 1.0,
    "recall": 0.5714285714285714,
    "f1-score": 0.7272727272727273,
    "support": 14,
    "confused_with": {
      "cuaca": 1
    }
  },
  "kategori": {
    "precision": 0.9611650485436893,
    "recall": 1.0,
    "f1-score": 0.9801980198019802,
    "support": 99,
    "confused_with": {}
  },
  "kuliner": {
    "precision": 1.0,
    "recall": 0.7307692307692307,
    "f1-score": 0.8444444444444443,
    "support": 26,
    "confused_with": {
      "kampung": 1
    }
  },
  "micro avg": {
    "precision": 0.990999099909991,
    "recall": 0.9821587867975022,
    "f1-score": 0.9865591397849462,
    "support": 1121
  },
  "macro avg": {
    "precision": 0.9723471914354302,
    "recall": 0.8754157027183342,
    "f1-score": 0.9130406803357989,
    "support": 1121
  },
  "weighted avg": {
    "precision": 0.9909815868883433,
    "recall": 0.9821587867975022,
    "f1-score": 0.9851802081698723,
    "support": 1121
  },
  "accuracy": 0.9908691241122759
}