{
  "situs": {
    "precision": 1.0,
    "recall": 1.0,
    "f1-score": 1.0,
    "support": 36,
    "confused_with": {}
  },
  "kesehatan": {
    "precision": 1.0,
    "recall": 0.5535714285714286,
    "f1-score": 0.7126436781609196,
    "support": 56,
    "confused_with": {
      "kategori": 25
    }
  },
  "kampung": {
    "precision": 1.0,
    "recall": 0.9943181818181818,
    "f1-score": 0.9971509971509972,
    "support": 352,
    "confused_with": {}
  },
  "cuaca": {
    "precision": 0.95,
    "recall": 1.0,
    "f1-score": 0.9743589743589743,
    "support": 19,
    "confused_with": {}
  },
  "event": {
    "precision": 1.0,
    "recall": 1.0,
    "f1-score": 1.0,
    "support": 519,
    "confused_with": {}
  },
  "gejala": {
    "precision": 1.0,
    "recall": 1.0,
    "f1-score": 1.0,
    "support": 14,
    "confused_with": {}
  },
  "kategori": {
    "precision": 0.631578947368421,
    "recall": 0.48484848484848486,
    "f1-score": 0.5485714285714286,
    "support": 99,
    "confused_with": {}
  },
  "kuliner": {
    "precision": 1.0,
    "recall": 0.9230769230769231,
    "f1-score": 0.9600000000000001,
    "support": 26,
    "confused_with": {}
  },
  "micro avg": {
    "precision": 0.9728971962616823,
    "recall": 0.928635147190009,
    "f1-score": 0.9502510269283433,
    "support": 1121
  },
  "macro avg": {
    "precision": 0.9476973684210527,
    "recall": 0.8694768772893773,
    "f1-score": 0.89909063478029,
    "support": 1121
  },
  "weighted avg": {
    "precision": 0.9666158035588526,
    "recall": 0.928635147190009,
    "f1-score": 0.9435205967132511,
    "support": 1121
  },
  "accuracy": 0.9715928305715252
}